{
   "camera_matrix": [
      [
         1312.6429557027186,
         0.0,
         627.9376330888604
      ],
      [
         0.0,
         1315.2758715130612,
         521.1100673082574
      ],
      [
         0.0,
         0.0,
         1.0
      ]
   ],
   "distortion_coefficients": [
      [
         -0.08450725898136123,
         0.15159881889287213,
         -0.0025088145891055042,
         -0.0009222793917992617,
         0.11239054152244315
      ]
   ],
   "rotation_vectors": [
      [
         [
            -0.10336996225367395
         ],
         [
            -0.17036436850551362
         ],
         [
            -3.1163942999638428
         ]
      ],
      [
         [
            -0.03719137787716807
         ],
         [
            -0.18027115987325174
         ],
         [
            -3.038079101385189
         ]
      ],
      [
         [
            -0.07006455433061205
         ],
         [
            -0.10442396987629772
         ],
         [
            -2.8406908013783694
         ]
      ],
      [
         [
            -0.17007747293410838
         ],
         [
            -0.05686134242522425
         ],
         [
            -2.8607046050645404
         ]
      ],
      [
         [
            -0.1254928366919357
         ],
         [
            -0.18679904106405454
         ],
         [
            -3.020725375977478
         ]
      ],
      [
         [
            -0.0636331604857891
         ],
         [
            -0.160024136124963
         ],
         [
            -3.109871644582451
         ]
      ],
      [
         [
            -0.05055715134938405
         ],
         [
            0.03117373868765697
         ],
         [
            -3.1258425236597667
         ]
      ],
      [
         [
            -0.038030783014263526
         ],
         [
            0.07673897110506629
         ],
         [
            -3.1139759294616356
         ]
      ],
      [
         [
            -0.016592072438404725
         ],
         [
            0.16377786022400345
         ],
         [
            -3.0510466625575177
         ]
      ],
      [
         [
            -0.00917761527483608
         ],
         [
            -0.12710180030083365
         ],
         [
            -3.115376263956113
         ]
      ]
   ],
   "translation_vectors": [
      [
         [
            -5.428614425457216
         ],
         [
            2.111265492282256
         ],
         [
            24.05372300236661
         ]
      ],
      [
         [
            -0.44049980793843513
         ],
         [
            3.977812747929072
         ],
         [
            24.57790263862968
         ]
      ],
      [
         [
            9.24933128938759
         ],
         [
            3.0813340393230084
         ],
         [
            22.503828326786703
         ]
      ],
      [
         [
            8.683362216462275
         ],
         [
            3.1261799025338024
         ],
         [
            21.21727572414415
         ]
      ],
      [
         [
            9.012678698734506
         ],
         [
            3.5137173484127047
         ],
         [
            20.285187413976562
         ]
      ],
      [
         [
            7.805349576349164
         ],
         [
            4.509772718555309
         ],
         [
            21.1624609610813
         ]
      ],
      [
         [
            -3.4350088059793733
         ],
         [
            -0.8150031574326154
         ],
         [
            20.797482693673626
         ]
      ],
      [
         [
            -3.7164865935409535
         ],
         [
            -0.8669380457272394
         ],
         [
            21.05715483121013
         ]
      ],
      [
         [
            -3.45255117104603
         ],
         [
            0.08041470774574717
         ],
         [
            21.2904158528915
         ]
      ],
      [
         [
            4.091312625155718
         ],
         [
            0.6447152922014684
         ],
         [
            23.290237526840805
         ]
      ]
   ]
}